,measureName,measureDate,denominator,numerator
0,Belgyrussa Mergdors ala Mutolqueue,2020-01-01,1537,1221
1,Belgyrussa Mergdors ala Mutolqueue,2020-01-02,1657,1509
2,Belgyrussa Mergdors ala Mutolqueue,2020-01-03,1761,1605
3,Belgyrussa Mergdors ala Mutolqueue,2020-01-04,1503,1299
4,Belgyrussa Mergdors ala Mutolqueue,2020-01-05,1784,1735
5,Belgyrussa Mergdors ala Mutolqueue,2020-01-06,1632,1568
6,Belgyrussa Mergdors ala Mutolqueue,2020-01-07,1473,1229
7,Belgyrussa Mergdors ala Mutolqueue,2020-01-08,1731,1250
8,Belgyrussa Mergdors ala Mutolqueue,2020-01-09,1762,1179
9,Belgyrussa Mergdors ala Mutolqueue,2020-01-10,1437,1384
10,Belgyrussa Mergdors ala Mutolqueue,2020-01-11,1469,1290
11,Belgyrussa Mergdors ala Mutolqueue,2020-01-12,1791,1249
12,Belgyrussa Mergdors ala Mutolqueue,2020-01-13,1468,1431
13,Belgyrussa Mergdors ala Mutolqueue,2020-01-14,1521,1172
14,Belgyrussa Mergdors ala Mutolqueue,2020-01-15,1609,1471
15,Belgyrussa Mergdors ala Mutolqueue,2020-01-16,1723,1209
16,Belgyrussa Mergdors ala Mutolqueue,2020-01-17,1661,1115
17,Belgyrussa Mergdors ala Mutolqueue,2020-01-18,1585,1555
18,Belgyrussa Mergdors ala Mutolqueue,2020-01-19,1470,1144
19,Belgyrussa Mergdors ala Mutolqueue,2020-01-20,1731,1690
20,Belgyrussa Mergdors ala Mutolqueue,2020-01-21,1639,1386
21,Belgyrussa Mergdors ala Mutolqueue,2020-01-22,1691,1328
22,Belgyrussa Mergdors ala Mutolqueue,2020-01-23,1577,1494
23,Belgyrussa Mergdors ala Mutolqueue,2020-01-24,1487,1315
24,Belgyrussa Mergdors ala Mutolqueue,2020-01-25,1554,1392
25,Belgyrussa Mergdors ala Mutolqueue,2020-01-26,1749,1433
26,Belgyrussa Mergdors ala Mutolqueue,2020-01-27,1663,1150
27,Belgyrussa Mergdors ala Mutolqueue,2020-01-28,1426,1180
28,Belgyrussa Mergdors ala Mutolqueue,2020-01-29,1636,1181
29,Belgyrussa Mergdors ala Mutolqueue,2020-01-30,1708,1352
30,Belgyrussa Mergdors ala Mutolqueue,2020-01-31,1744,1350
31,Belgyrussa Mergdors ala Mutolqueue,2020-02-01,1673,1179
32,Belgyrussa Mergdors ala Mutolqueue,2020-02-02,1404,1130
33,Belgyrussa Mergdors ala Mutolqueue,2020-02-03,1591,1161
34,Belgyrussa Mergdors ala Mutolqueue,2020-02-04,1425,1285
35,Belgyrussa Mergdors ala Mutolqueue,2020-02-05,1735,1541
36,Belgyrussa Mergdors ala Mutolqueue,2020-02-06,1781,1643
37,Belgyrussa Mergdors ala Mutolqueue,2020-02-07,1434,1124
38,Belgyrussa Mergdors ala Mutolqueue,2020-02-08,1608,1435
39,Belgyrussa Mergdors ala Mutolqueue,2020-02-09,1541,1484
40,Belgyrussa Mergdors ala Mutolqueue,2020-02-10,1693,1544
41,Belgyrussa Mergdors ala Mutolqueue,2020-02-11,1523,1083
42,Belgyrussa Mergdors ala Mutolqueue,2020-02-12,1532,999
43,Belgyrussa Mergdors ala Mutolqueue,2020-02-13,1718,1618
44,Belgyrussa Mergdors ala Mutolqueue,2020-02-14,1599,1086
45,Belgyrussa Mergdors ala Mutolqueue,2020-02-15,1542,1475
46,Belgyrussa Mergdors ala Mutolqueue,2020-02-16,1783,1286
47,Belgyrussa Mergdors ala Mutolqueue,2020-02-17,1446,946
48,Belgyrussa Mergdors ala Mutolqueue,2020-02-18,1570,1419
49,Belgyrussa Mergdors ala Mutolqueue,2020-02-19,1548,1099
50,Belgyrussa Mergdors ala Mutolqueue,2020-02-20,1600,1415
51,Belgyrussa Mergdors ala Mutolqueue,2020-02-21,1448,1168
52,Belgyrussa Mergdors ala Mutolqueue,2020-02-22,1583,1419
53,Belgyrussa Mergdors ala Mutolqueue,2020-02-23,1569,1308
54,Belgyrussa Mergdors ala Mutolqueue,2020-02-24,1754,1716
55,Belgyrussa Mergdors ala Mutolqueue,2020-02-25,1665,1600
56,Belgyrussa Mergdors ala Mutolqueue,2020-02-26,1418,954
57,Belgyrussa Mergdors ala Mutolqueue,2020-02-27,1683,1146
58,Belgyrussa Mergdors ala Mutolqueue,2020-02-28,1484,1309
59,Belgyrussa Mergdors ala Mutolqueue,2020-02-29,1744,1265
60,Belgyrussa Mergdors ala Mutolqueue,2020-03-01,1498,1455
61,Belgyrussa Mergdors ala Mutolqueue,2020-03-02,1725,1565
62,Belgyrussa Mergdors ala Mutolqueue,2020-03-03,1662,1150
63,Belgyrussa Mergdors ala Mutolqueue,2020-03-04,1476,1006
64,Belgyrussa Mergdors ala Mutolqueue,2020-03-05,1789,1756
65,Belgyrussa Mergdors ala Mutolqueue,2020-03-06,1691,1302
66,Belgyrussa Mergdors ala Mutolqueue,2020-03-07,1555,1170
67,Belgyrussa Mergdors ala Mutolqueue,2020-03-08,1732,1157
68,Belgyrussa Mergdors ala Mutolqueue,2020-03-09,1528,1239
69,Belgyrussa Mergdors ala Mutolqueue,2020-03-10,1791,1458
70,Belgyrussa Mergdors ala Mutolqueue,2020-03-11,1655,1131
71,Belgyrussa Mergdors ala Mutolqueue,2020-03-12,1583,1526
72,Belgyrussa Mergdors ala Mutolqueue,2020-03-13,1575,1564
73,Belgyrussa Mergdors ala Mutolqueue,2020-03-14,1461,1120
74,Belgyrussa Mergdors ala Mutolqueue,2020-03-15,1455,1194
75,Belgyrussa Mergdors ala Mutolqueue,2020-03-16,1468,1319
76,Belgyrussa Mergdors ala Mutolqueue,2020-03-17,1405,1200
77,Belgyrussa Mergdors ala Mutolqueue,2020-03-18,1564,1285
78,Belgyrussa Mergdors ala Mutolqueue,2020-03-19,1507,1114
79,Belgyrussa Mergdors ala Mutolqueue,2020-03-20,1571,1558
80,Belgyrussa Mergdors ala Mutolqueue,2020-03-21,1560,1260
81,Belgyrussa Mergdors ala Mutolqueue,2020-03-22,1520,1129
82,Belgyrussa Mergdors ala Mutolqueue,2020-03-23,1777,1549
83,Belgyrussa Mergdors ala Mutolqueue,2020-03-24,1423,936
84,Belgyrussa Mergdors ala Mutolqueue,2020-03-25,1536,1289
85,Belgyrussa Mergdors ala Mutolqueue,2020-03-26,1671,1168
86,Belgyrussa Mergdors ala Mutolqueue,2020-03-27,1763,1368
87,Belgyrussa Mergdors ala Mutolqueue,2020-03-28,1489,1208
88,Belgyrussa Mergdors ala Mutolqueue,2020-03-29,1767,1607
89,Belgyrussa Mergdors ala Mutolqueue,2020-03-30,1527,1380
90,Belgyrussa Mergdors ala Mutolqueue,2020-03-31,1757,1755
91,Belgyrussa Mergdors ala Mutolqueue,2020-04-01,1606,1202
92,Belgyrussa Mergdors ala Mutolqueue,2020-04-02,1676,1326
93,Belgyrussa Mergdors ala Mutolqueue,2020-04-03,1734,1413
94,Belgyrussa Mergdors ala Mutolqueue,2020-04-04,1761,1233
95,Belgyrussa Mergdors ala Mutolqueue,2020-04-05,1746,1496
96,Belgyrussa Mergdors ala Mutolqueue,2020-04-06,1761,1569
97,Belgyrussa Mergdors ala Mutolqueue,2020-04-07,1727,1454
98,Belgyrussa Mergdors ala Mutolqueue,2020-04-08,1538,1281
99,Belgyrussa Mergdors ala Mutolqueue,2020-04-09,1691,1623
100,Belgyrussa Mergdors ala Mutolqueue,2020-04-10,1416,1252
101,Belgyrussa Mergdors ala Mutolqueue,2020-04-11,1487,1176
102,Belgyrussa Mergdors ala Mutolqueue,2020-04-12,1697,1172
103,Belgyrussa Mergdors ala Mutolqueue,2020-04-13,1705,1468
104,Belgyrussa Mergdors ala Mutolqueue,2020-04-14,1755,1566
105,Belgyrussa Mergdors ala Mutolqueue,2020-04-15,1460,1269
106,Belgyrussa Mergdors ala Mutolqueue,2020-04-16,1754,1746
107,Belgyrussa Mergdors ala Mutolqueue,2020-04-17,1506,1144
108,Belgyrussa Mergdors ala Mutolqueue,2020-04-18,1593,1181
109,Belgyrussa Mergdors ala Mutolqueue,2020-04-19,1509,1415
110,Belgyrussa Mergdors ala Mutolqueue,2020-04-20,1523,1143
111,Belgyrussa Mergdors ala Mutolqueue,2020-04-21,1785,1348
112,Belgyrussa Mergdors ala Mutolqueue,2020-04-22,1588,1276
113,Belgyrussa Mergdors ala Mutolqueue,2020-04-23,1669,1560
114,Belgyrussa Mergdors ala Mutolqueue,2020-04-24,1426,951
115,Belgyrussa Mergdors ala Mutolqueue,2020-04-25,1596,1146
116,Belgyrussa Mergdors ala Mutolqueue,2020-04-26,1517,1120
117,Belgyrussa Mergdors ala Mutolqueue,2020-04-27,1707,1574
118,Belgyrussa Mergdors ala Mutolqueue,2020-04-28,1431,1197
119,Belgyrussa Mergdors ala Mutolqueue,2020-04-29,1455,1295
120,Belgyrussa Mergdors ala Mutolqueue,2020-04-30,1621,1498
121,Belgyrussa Mergdors ala Mutolqueue,2020-05-01,1547,1479
122,Belgyrussa Mergdors ala Mutolqueue,2020-05-02,1615,1547
123,Belgyrussa Mergdors ala Mutolqueue,2020-05-03,1504,1445
124,Belgyrussa Mergdors ala Mutolqueue,2020-05-04,1604,1160
125,Belgyrussa Mergdors ala Mutolqueue,2020-05-05,1725,1150
126,Belgyrussa Mergdors ala Mutolqueue,2020-05-06,1422,1151
127,Belgyrussa Mergdors ala Mutolqueue,2020-05-07,1545,1257
128,Belgyrussa Mergdors ala Mutolqueue,2020-05-08,1508,1115
129,Belgyrussa Mergdors ala Mutolqueue,2020-05-09,1412,1381
130,Belgyrussa Mergdors ala Mutolqueue,2020-05-10,1746,1668
131,Belgyrussa Mergdors ala Mutolqueue,2020-05-11,1619,1271
132,Belgyrussa Mergdors ala Mutolqueue,2020-05-12,1447,1329
133,Belgyrussa Mergdors ala Mutolqueue,2020-05-13,1529,1370
134,Belgyrussa Mergdors ala Mutolqueue,2020-05-14,1449,989
135,Belgyrussa Mergdors ala Mutolqueue,2020-05-15,1487,1162
136,Belgyrussa Mergdors ala Mutolqueue,2020-05-16,1432,1418
137,Belgyrussa Mergdors ala Mutolqueue,2020-05-17,1575,1556
138,Belgyrussa Mergdors ala Mutolqueue,2020-05-18,1452,1289
139,Belgyrussa Mergdors ala Mutolqueue,2020-05-19,1672,1158
140,Belgyrussa Mergdors ala Mutolqueue,2020-05-20,1550,1314
141,Belgyrussa Mergdors ala Mutolqueue,2020-05-21,1730,1524
142,Belgyrussa Mergdors ala Mutolqueue,2020-05-22,1642,1530
143,Belgyrussa Mergdors ala Mutolqueue,2020-05-23,1645,1567
144,Belgyrussa Mergdors ala Mutolqueue,2020-05-24,1415,1277
145,Belgyrussa Mergdors ala Mutolqueue,2020-05-25,1658,1522
146,Belgyrussa Mergdors ala Mutolqueue,2020-05-26,1714,1143
147,Belgyrussa Mergdors ala Mutolqueue,2020-05-27,1522,1210
148,Belgyrussa Mergdors ala Mutolqueue,2020-05-28,1621,1287
149,Belgyrussa Mergdors ala Mutolqueue,2020-05-29,1642,1124
150,Belgyrussa Mergdors ala Mutolqueue,2020-05-30,1569,1358
151,Belgyrussa Mergdors ala Mutolqueue,2020-05-31,1550,1393
152,Belgyrussa Mergdors ala Mutolqueue,2020-06-01,1429,1164
153,Belgyrussa Mergdors ala Mutolqueue,2020-06-02,1707,1690
154,Belgyrussa Mergdors ala Mutolqueue,2020-06-03,1755,1399
155,Belgyrussa Mergdors ala Mutolqueue,2020-06-04,1655,1524
156,Belgyrussa Mergdors ala Mutolqueue,2020-06-05,1643,1416
157,Belgyrussa Mergdors ala Mutolqueue,2020-06-06,1760,1567
158,Belgyrussa Mergdors ala Mutolqueue,2020-06-07,1660,1389
159,Belgyrussa Mergdors ala Mutolqueue,2020-06-08,1637,1584
160,Belgyrussa Mergdors ala Mutolqueue,2020-06-09,1578,1214
161,Belgyrussa Mergdors ala Mutolqueue,2020-06-10,1529,1337
162,Belgyrussa Mergdors ala Mutolqueue,2020-06-11,1492,974
163,Belgyrussa Mergdors ala Mutolqueue,2020-06-12,1470,1053
164,Belgyrussa Mergdors ala Mutolqueue,2020-06-13,1549,1311
165,Belgyrussa Mergdors ala Mutolqueue,2020-06-14,1795,1435
166,Belgyrussa Mergdors ala Mutolqueue,2020-06-15,1698,1180
167,Belgyrussa Mergdors ala Mutolqueue,2020-06-16,1440,1345
168,Belgyrussa Mergdors ala Mutolqueue,2020-06-17,1602,1421
169,Belgyrussa Mergdors ala Mutolqueue,2020-06-18,1526,1427
170,Belgyrussa Mergdors ala Mutolqueue,2020-06-19,1734,1411
171,Belgyrussa Mergdors ala Mutolqueue,2020-06-20,1740,1549
172,Belgyrussa Mergdors ala Mutolqueue,2020-06-21,1727,1520
173,Belgyrussa Mergdors ala Mutolqueue,2020-06-22,1583,1282
174,Belgyrussa Mergdors ala Mutolqueue,2020-06-23,1577,1360
175,Belgyrussa Mergdors ala Mutolqueue,2020-06-24,1713,1177
176,Belgyrussa Mergdors ala Mutolqueue,2020-06-25,1681,1467
177,Belgyrussa Mergdors ala Mutolqueue,2020-06-26,1476,1033
178,Belgyrussa Mergdors ala Mutolqueue,2020-06-27,1516,1007
179,Belgyrussa Mergdors ala Mutolqueue,2020-06-28,1681,1609
180,Belgyrussa Mergdors ala Mutolqueue,2020-06-29,1577,1419
181,Belgyrussa Mergdors ala Mutolqueue,2020-06-30,1496,1460
182,Belgyrussa Mergdors ala Mutolqueue,2020-07-01,1502,1266
183,Belgyrussa Mergdors ala Mutolqueue,2020-07-02,1708,1611
184,Belgyrussa Mergdors ala Mutolqueue,2020-07-03,1637,1343
185,Belgyrussa Mergdors ala Mutolqueue,2020-07-04,1410,1378
186,Belgyrussa Mergdors ala Mutolqueue,2020-07-05,1761,1235
187,Belgyrussa Mergdors ala Mutolqueue,2020-07-06,1467,1356
188,Belgyrussa Mergdors ala Mutolqueue,2020-07-07,1514,1082
189,Belgyrussa Mergdors ala Mutolqueue,2020-07-08,1731,1677
190,Belgyrussa Mergdors ala Mutolqueue,2020-07-09,1552,1020
191,Belgyrussa Mergdors ala Mutolqueue,2020-07-10,1646,1627
192,Belgyrussa Mergdors ala Mutolqueue,2020-07-11,1625,1394
193,Belgyrussa Mergdors ala Mutolqueue,2020-07-12,1666,1154
194,Belgyrussa Mergdors ala Mutolqueue,2020-07-13,1410,1334
195,Belgyrussa Mergdors ala Mutolqueue,2020-07-14,1613,1596
196,Belgyrussa Mergdors ala Mutolqueue,2020-07-15,1766,1311
197,Belgyrussa Mergdors ala Mutolqueue,2020-07-16,1510,991
198,Belgyrussa Mergdors ala Mutolqueue,2020-07-17,1685,1511
199,Belgyrussa Mergdors ala Mutolqueue,2020-07-18,1510,1324
200,Belgyrussa Mergdors ala Mutolqueue,2020-07-19,1757,1285
201,Belgyrussa Mergdors ala Mutolqueue,2020-07-20,1609,1509
202,Belgyrussa Mergdors ala Mutolqueue,2020-07-21,1645,1632
203,Belgyrussa Mergdors ala Mutolqueue,2020-07-22,1547,1339
204,Belgyrussa Mergdors ala Mutolqueue,2020-07-23,1733,1141
205,Belgyrussa Mergdors ala Mutolqueue,2020-07-24,1475,963
206,Belgyrussa Mergdors ala Mutolqueue,2020-07-25,1594,1534
207,Belgyrussa Mergdors ala Mutolqueue,2020-07-26,1422,981
208,Belgyrussa Mergdors ala Mutolqueue,2020-07-27,1638,1624
209,Belgyrussa Mergdors ala Mutolqueue,2020-07-28,1710,1458
210,Belgyrussa Mergdors ala Mutolqueue,2020-07-29,1627,1372
211,Belgyrussa Mergdors ala Mutolqueue,2020-07-30,1683,1547
212,Belgyrussa Mergdors ala Mutolqueue,2020-07-31,1632,1506
213,Belgyrussa Mergdors ala Mutolqueue,2020-08-01,1479,1078
214,Belgyrussa Mergdors ala Mutolqueue,2020-08-02,1457,1444
215,Belgyrussa Mergdors ala Mutolqueue,2020-08-03,1427,1236
216,Belgyrussa Mergdors ala Mutolqueue,2020-08-04,1755,1565
217,Belgyrussa Mergdors ala Mutolqueue,2020-08-05,1562,1551
218,Belgyrussa Mergdors ala Mutolqueue,2020-08-06,1481,1003
219,Belgyrussa Mergdors ala Mutolqueue,2020-08-07,1685,1270
220,Belgyrussa Mergdors ala Mutolqueue,2020-08-08,1792,1289
221,Belgyrussa Mergdors ala Mutolqueue,2020-08-09,1413,1220
222,Belgyrussa Mergdors ala Mutolqueue,2020-08-10,1627,1585
223,Belgyrussa Mergdors ala Mutolqueue,2020-08-11,1601,1212
224,Belgyrussa Mergdors ala Mutolqueue,2020-08-12,1458,1056
225,Belgyrussa Mergdors ala Mutolqueue,2020-08-13,1697,1276
226,Belgyrussa Mergdors ala Mutolqueue,2020-08-14,1492,974
227,Belgyrussa Mergdors ala Mutolqueue,2020-08-15,1551,1076
228,Belgyrussa Mergdors ala Mutolqueue,2020-08-16,1698,1515
229,Belgyrussa Mergdors ala Mutolqueue,2020-08-17,1539,1461
230,Belgyrussa Mergdors ala Mutolqueue,2020-08-18,1570,1103
231,Belgyrussa Mergdors ala Mutolqueue,2020-08-19,1629,1293
232,Belgyrussa Mergdors ala Mutolqueue,2020-08-20,1684,1619
233,Belgyrussa Mergdors ala Mutolqueue,2020-08-21,1778,1764
234,Belgyrussa Mergdors ala Mutolqueue,2020-08-22,1518,1302
235,Belgyrussa Mergdors ala Mutolqueue,2020-08-23,1714,1288
236,Belgyrussa Mergdors ala Mutolqueue,2020-08-24,1494,1259
237,Belgyrussa Mergdors ala Mutolqueue,2020-08-25,1753,1204
238,Belgyrussa Mergdors ala Mutolqueue,2020-08-26,1559,1468
239,Belgyrussa Mergdors ala Mutolqueue,2020-08-27,1465,955
240,Belgyrussa Mergdors ala Mutolqueue,2020-08-28,1608,1595
241,Belgyrussa Mergdors ala Mutolqueue,2020-08-29,1509,1442
242,Belgyrussa Mergdors ala Mutolqueue,2020-08-30,1503,1481
243,Belgyrussa Mergdors ala Mutolqueue,2020-08-31,1721,1302
244,Belgyrussa Mergdors ala Mutolqueue,2020-09-01,1416,968
245,Belgyrussa Mergdors ala Mutolqueue,2020-09-02,1661,1263
246,Belgyrussa Mergdors ala Mutolqueue,2020-09-03,1457,1303
247,Belgyrussa Mergdors ala Mutolqueue,2020-09-04,1496,1073
248,Belgyrussa Mergdors ala Mutolqueue,2020-09-05,1712,1291
249,Belgyrussa Mergdors ala Mutolqueue,2020-09-06,1526,993
250,Belgyrussa Mergdors ala Mutolqueue,2020-09-07,1426,1144
251,Belgyrussa Mergdors ala Mutolqueue,2020-09-08,1788,1201
252,Belgyrussa Mergdors ala Mutolqueue,2020-09-09,1511,1346
253,Belgyrussa Mergdors ala Mutolqueue,2020-09-10,1601,1525
254,Belgyrussa Mergdors ala Mutolqueue,2020-09-11,1610,1507
255,Belgyrussa Mergdors ala Mutolqueue,2020-09-12,1556,1314
256,Belgyrussa Mergdors ala Mutolqueue,2020-09-13,1663,1248
257,Belgyrussa Mergdors ala Mutolqueue,2020-09-14,1777,1327
258,Belgyrussa Mergdors ala Mutolqueue,2020-09-15,1636,1350
259,Belgyrussa Mergdors ala Mutolqueue,2020-09-16,1698,1645
260,Belgyrussa Mergdors ala Mutolqueue,2020-09-17,1461,1247
261,Belgyrussa Mergdors ala Mutolqueue,2020-09-18,1665,1533
262,Belgyrussa Mergdors ala Mutolqueue,2020-09-19,1668,1260
263,Belgyrussa Mergdors ala Mutolqueue,2020-09-20,1464,1231
264,Belgyrussa Mergdors ala Mutolqueue,2020-09-21,1420,1204
265,Belgyrussa Mergdors ala Mutolqueue,2020-09-22,1406,946
266,Belgyrussa Mergdors ala Mutolqueue,2020-09-23,1481,1103
267,Belgyrussa Mergdors ala Mutolqueue,2020-09-24,1553,1137
268,Belgyrussa Mergdors ala Mutolqueue,2020-09-25,1422,1229
269,Belgyrussa Mergdors ala Mutolqueue,2020-09-26,1415,1370
270,Belgyrussa Mergdors ala Mutolqueue,2020-09-27,1795,1320
271,Belgyrussa Mergdors ala Mutolqueue,2020-09-28,1673,1625
272,Belgyrussa Mergdors ala Mutolqueue,2020-09-29,1787,1668
273,Belgyrussa Mergdors ala Mutolqueue,2020-09-30,1515,1193
274,Belgyrussa Mergdors ala Mutolqueue,2020-10-01,1484,1431
275,Belgyrussa Mergdors ala Mutolqueue,2020-10-02,1414,1017
276,Belgyrussa Mergdors ala Mutolqueue,2020-10-03,1767,1303
277,Belgyrussa Mergdors ala Mutolqueue,2020-10-04,1600,1520
278,Belgyrussa Mergdors ala Mutolqueue,2020-10-05,1601,1049
279,Belgyrussa Mergdors ala Mutolqueue,2020-10-06,1586,1564
280,Belgyrussa Mergdors ala Mutolqueue,2020-10-07,1572,1059
281,Belgyrussa Mergdors ala Mutolqueue,2020-10-08,1602,1208
282,Belgyrussa Mergdors ala Mutolqueue,2020-10-09,1690,1165
283,Belgyrussa Mergdors ala Mutolqueue,2020-10-10,1782,1188
284,Belgyrussa Mergdors ala Mutolqueue,2020-10-11,1614,1392
285,Belgyrussa Mergdors ala Mutolqueue,2020-10-12,1700,1692
286,Belgyrussa Mergdors ala Mutolqueue,2020-10-13,1740,1643
287,Belgyrussa Mergdors ala Mutolqueue,2020-10-14,1425,1105
288,Belgyrussa Mergdors ala Mutolqueue,2020-10-15,1551,1498
289,Belgyrussa Mergdors ala Mutolqueue,2020-10-16,1436,968
290,Belgyrussa Mergdors ala Mutolqueue,2020-10-17,1767,1633
291,Belgyrussa Mergdors ala Mutolqueue,2020-10-18,1595,1515
292,Belgyrussa Mergdors ala Mutolqueue,2020-10-19,1451,975
293,Belgyrussa Mergdors ala Mutolqueue,2020-10-20,1663,1122
294,Belgyrussa Mergdors ala Mutolqueue,2020-10-21,1423,1088
295,Belgyrussa Mergdors ala Mutolqueue,2020-10-22,1751,1612
296,Belgyrussa Mergdors ala Mutolqueue,2020-10-23,1732,1496
297,Belgyrussa Mergdors ala Mutolqueue,2020-10-24,1684,1678
298,Belgyrussa Mergdors ala Mutolqueue,2020-10-25,1507,1024
299,Belgyrussa Mergdors ala Mutolqueue,2020-10-26,1533,1108
300,Belgyrussa Mergdors ala Mutolqueue,2020-10-27,1508,1361
301,Belgyrussa Mergdors ala Mutolqueue,2020-10-28,1691,1339
302,Belgyrussa Mergdors ala Mutolqueue,2020-10-29,1576,1122
303,Belgyrussa Mergdors ala Mutolqueue,2020-10-30,1797,1685
304,Belgyrussa Mergdors ala Mutolqueue,2020-10-31,1666,1163
305,Belgyrussa Mergdors ala Mutolqueue,2020-11-01,1427,1309
306,Belgyrussa Mergdors ala Mutolqueue,2020-11-02,1520,1326
307,Belgyrussa Mergdors ala Mutolqueue,2020-11-03,1609,1188
308,Belgyrussa Mergdors ala Mutolqueue,2020-11-04,1508,1271
309,Belgyrussa Mergdors ala Mutolqueue,2020-11-05,1504,1172
310,Belgyrussa Mergdors ala Mutolqueue,2020-11-06,1739,1246
311,Belgyrussa Mergdors ala Mutolqueue,2020-11-07,1459,1215
312,Belgyrussa Mergdors ala Mutolqueue,2020-11-08,1507,1224
313,Belgyrussa Mergdors ala Mutolqueue,2020-11-09,1754,1601
314,Belgyrussa Mergdors ala Mutolqueue,2020-11-10,1615,1551
315,Belgyrussa Mergdors ala Mutolqueue,2020-11-11,1784,1531
316,Belgyrussa Mergdors ala Mutolqueue,2020-11-12,1477,1211
317,Belgyrussa Mergdors ala Mutolqueue,2020-11-13,1576,1053
318,Belgyrussa Mergdors ala Mutolqueue,2020-11-14,1786,1415
319,Belgyrussa Mergdors ala Mutolqueue,2020-11-15,1755,1533
320,Belgyrussa Mergdors ala Mutolqueue,2020-11-16,1530,1453
321,Belgyrussa Mergdors ala Mutolqueue,2020-11-17,1467,1084
322,Belgyrussa Mergdors ala Mutolqueue,2020-11-18,1766,1636
323,Belgyrussa Mergdors ala Mutolqueue,2020-11-19,1700,1231
324,Belgyrussa Mergdors ala Mutolqueue,2020-11-20,1420,1185
325,Belgyrussa Mergdors ala Mutolqueue,2020-11-21,1443,1091
326,Belgyrussa Mergdors ala Mutolqueue,2020-11-22,1627,1214
327,Belgyrussa Mergdors ala Mutolqueue,2020-11-23,1566,1210
328,Belgyrussa Mergdors ala Mutolqueue,2020-11-24,1509,1507
329,Belgyrussa Mergdors ala Mutolqueue,2020-11-25,1668,1334
330,Belgyrussa Mergdors ala Mutolqueue,2020-11-26,1520,1489
331,Belgyrussa Mergdors ala Mutolqueue,2020-11-27,1659,1437
332,Belgyrussa Mergdors ala Mutolqueue,2020-11-28,1487,1385
333,Belgyrussa Mergdors ala Mutolqueue,2020-11-29,1519,1276
334,Belgyrussa Mergdors ala Mutolqueue,2020-11-30,1630,1582
335,Belgyrussa Mergdors ala Mutolqueue,2020-12-01,1594,1203
336,Belgyrussa Mergdors ala Mutolqueue,2020-12-02,1755,1152
337,Belgyrussa Mergdors ala Mutolqueue,2020-12-03,1545,1182
338,Belgyrussa Mergdors ala Mutolqueue,2020-12-04,1412,1356
339,Belgyrussa Mergdors ala Mutolqueue,2020-12-05,1435,1308
340,Belgyrussa Mergdors ala Mutolqueue,2020-12-06,1566,1239
341,Belgyrussa Mergdors ala Mutolqueue,2020-12-07,1446,1325
342,Belgyrussa Mergdors ala Mutolqueue,2020-12-08,1443,1014
343,Belgyrussa Mergdors ala Mutolqueue,2020-12-09,1438,1031
344,Belgyrussa Mergdors ala Mutolqueue,2020-12-10,1467,1381
345,Belgyrussa Mergdors ala Mutolqueue,2020-12-11,1671,1486
346,Belgyrussa Mergdors ala Mutolqueue,2020-12-12,1534,1159
347,Belgyrussa Mergdors ala Mutolqueue,2020-12-13,1734,1526
348,Belgyrussa Mergdors ala Mutolqueue,2020-12-14,1676,1149
349,Belgyrussa Mergdors ala Mutolqueue,2020-12-15,1540,1412
350,Belgyrussa Mergdors ala Mutolqueue,2020-12-16,1706,1418
351,Belgyrussa Mergdors ala Mutolqueue,2020-12-17,1401,1159
352,Belgyrussa Mergdors ala Mutolqueue,2020-12-18,1463,1044
353,Belgyrussa Mergdors ala Mutolqueue,2020-12-19,1624,1521
354,Belgyrussa Mergdors ala Mutolqueue,2020-12-20,1448,1286
355,Belgyrussa Mergdors ala Mutolqueue,2020-12-21,1646,1643
356,Belgyrussa Mergdors ala Mutolqueue,2020-12-22,1507,1057
357,Belgyrussa Mergdors ala Mutolqueue,2020-12-23,1537,1327
358,Belgyrussa Mergdors ala Mutolqueue,2020-12-24,1662,1191
359,Belgyrussa Mergdors ala Mutolqueue,2020-12-25,1666,1421
360,Belgyrussa Mergdors ala Mutolqueue,2020-12-26,1723,1220
361,Belgyrussa Mergdors ala Mutolqueue,2020-12-27,1682,1287
362,Belgyrussa Mergdors ala Mutolqueue,2020-12-28,1646,1551
363,Belgyrussa Mergdors ala Mutolqueue,2020-12-29,1784,1440
364,Belgyrussa Mergdors ala Mutolqueue,2020-12-30,1555,1285
0,Usseldortuses Morgiqueaussin Alaf,2020-01-01,333,242
1,Usseldortuses Morgiqueaussin Alaf,2020-01-02,286,263
2,Usseldortuses Morgiqueaussin Alaf,2020-01-03,261,204
3,Usseldortuses Morgiqueaussin Alaf,2020-01-04,335,323
4,Usseldortuses Morgiqueaussin Alaf,2020-01-05,247,213
5,Usseldortuses Morgiqueaussin Alaf,2020-01-06,269,253
6,Usseldortuses Morgiqueaussin Alaf,2020-01-07,288,206
7,Usseldortuses Morgiqueaussin Alaf,2020-01-08,226,196
8,Usseldortuses Morgiqueaussin Alaf,2020-01-09,332,291
9,Usseldortuses Morgiqueaussin Alaf,2020-01-10,348,314
10,Usseldortuses Morgiqueaussin Alaf,2020-01-11,275,224
11,Usseldortuses Morgiqueaussin Alaf,2020-01-12,290,266
12,Usseldortuses Morgiqueaussin Alaf,2020-01-13,280,187
13,Usseldortuses Morgiqueaussin Alaf,2020-01-14,245,189
14,Usseldortuses Morgiqueaussin Alaf,2020-01-15,342,314
15,Usseldortuses Morgiqueaussin Alaf,2020-01-16,310,251
16,Usseldortuses Morgiqueaussin Alaf,2020-01-17,230,219
17,Usseldortuses Morgiqueaussin Alaf,2020-01-18,301,201
18,Usseldortuses Morgiqueaussin Alaf,2020-01-19,304,283
19,Usseldortuses Morgiqueaussin Alaf,2020-01-20,334,283
20,Usseldortuses Morgiqueaussin Alaf,2020-01-21,339,327
21,Usseldortuses Morgiqueaussin Alaf,2020-01-22,301,206
22,Usseldortuses Morgiqueaussin Alaf,2020-01-23,331,304
23,Usseldortuses Morgiqueaussin Alaf,2020-01-24,231,219
24,Usseldortuses Morgiqueaussin Alaf,2020-01-25,329,255
25,Usseldortuses Morgiqueaussin Alaf,2020-01-26,241,208
26,Usseldortuses Morgiqueaussin Alaf,2020-01-27,272,246
27,Usseldortuses Morgiqueaussin Alaf,2020-01-28,294,284
28,Usseldortuses Morgiqueaussin Alaf,2020-01-29,240,162
29,Usseldortuses Morgiqueaussin Alaf,2020-01-30,319,227
30,Usseldortuses Morgiqueaussin Alaf,2020-01-31,323,221
31,Usseldortuses Morgiqueaussin Alaf,2020-02-01,330,306
32,Usseldortuses Morgiqueaussin Alaf,2020-02-02,300,252
33,Usseldortuses Morgiqueaussin Alaf,2020-02-03,263,222
34,Usseldortuses Morgiqueaussin Alaf,2020-02-04,289,274
35,Usseldortuses Morgiqueaussin Alaf,2020-02-05,276,243
36,Usseldortuses Morgiqueaussin Alaf,2020-02-06,238,223
37,Usseldortuses Morgiqueaussin Alaf,2020-02-07,315,268
38,Usseldortuses Morgiqueaussin Alaf,2020-02-08,249,231
39,Usseldortuses Morgiqueaussin Alaf,2020-02-09,283,263
40,Usseldortuses Morgiqueaussin Alaf,2020-02-10,289,216
41,Usseldortuses Morgiqueaussin Alaf,2020-02-11,322,305
42,Usseldortuses Morgiqueaussin Alaf,2020-02-12,325,325
43,Usseldortuses Morgiqueaussin Alaf,2020-02-13,336,330
44,Usseldortuses Morgiqueaussin Alaf,2020-02-14,293,221
45,Usseldortuses Morgiqueaussin Alaf,2020-02-15,258,206
46,Usseldortuses Morgiqueaussin Alaf,2020-02-16,240,193
47,Usseldortuses Morgiqueaussin Alaf,2020-02-17,338,335
48,Usseldortuses Morgiqueaussin Alaf,2020-02-18,296,295
49,Usseldortuses Morgiqueaussin Alaf,2020-02-19,231,190
50,Usseldortuses Morgiqueaussin Alaf,2020-02-20,236,212
51,Usseldortuses Morgiqueaussin Alaf,2020-02-21,229,184
52,Usseldortuses Morgiqueaussin Alaf,2020-02-22,336,251
53,Usseldortuses Morgiqueaussin Alaf,2020-02-23,245,201
54,Usseldortuses Morgiqueaussin Alaf,2020-02-24,228,204
55,Usseldortuses Morgiqueaussin Alaf,2020-02-25,329,302
56,Usseldortuses Morgiqueaussin Alaf,2020-02-26,301,258
57,Usseldortuses Morgiqueaussin Alaf,2020-02-27,344,233
58,Usseldortuses Morgiqueaussin Alaf,2020-02-28,237,224
59,Usseldortuses Morgiqueaussin Alaf,2020-02-29,273,195
60,Usseldortuses Morgiqueaussin Alaf,2020-03-01,230,157
61,Usseldortuses Morgiqueaussin Alaf,2020-03-02,259,234
62,Usseldortuses Morgiqueaussin Alaf,2020-03-03,276,188
63,Usseldortuses Morgiqueaussin Alaf,2020-03-04,257,212
64,Usseldortuses Morgiqueaussin Alaf,2020-03-05,282,270
65,Usseldortuses Morgiqueaussin Alaf,2020-03-06,241,211
66,Usseldortuses Morgiqueaussin Alaf,2020-03-07,342,228
67,Usseldortuses Morgiqueaussin Alaf,2020-03-08,251,211
68,Usseldortuses Morgiqueaussin Alaf,2020-03-09,309,222
69,Usseldortuses Morgiqueaussin Alaf,2020-03-10,330,227
70,Usseldortuses Morgiqueaussin Alaf,2020-03-11,283,238
71,Usseldortuses Morgiqueaussin Alaf,2020-03-12,336,336
72,Usseldortuses Morgiqueaussin Alaf,2020-03-13,318,272
73,Usseldortuses Morgiqueaussin Alaf,2020-03-14,252,233
74,Usseldortuses Morgiqueaussin Alaf,2020-03-15,232,159
75,Usseldortuses Morgiqueaussin Alaf,2020-03-16,294,255
76,Usseldortuses Morgiqueaussin Alaf,2020-03-17,317,237
77,Usseldortuses Morgiqueaussin Alaf,2020-03-18,325,324
78,Usseldortuses Morgiqueaussin Alaf,2020-03-19,274,202
79,Usseldortuses Morgiqueaussin Alaf,2020-03-20,244,238
80,Usseldortuses Morgiqueaussin Alaf,2020-03-21,261,224
81,Usseldortuses Morgiqueaussin Alaf,2020-03-22,304,228
82,Usseldortuses Morgiqueaussin Alaf,2020-03-23,283,240
83,Usseldortuses Morgiqueaussin Alaf,2020-03-24,345,271
84,Usseldortuses Morgiqueaussin Alaf,2020-03-25,299,288
85,Usseldortuses Morgiqueaussin Alaf,2020-03-26,309,286
86,Usseldortuses Morgiqueaussin Alaf,2020-03-27,288,209
87,Usseldortuses Morgiqueaussin Alaf,2020-03-28,264,192
88,Usseldortuses Morgiqueaussin Alaf,2020-03-29,303,239
89,Usseldortuses Morgiqueaussin Alaf,2020-03-30,263,237
90,Usseldortuses Morgiqueaussin Alaf,2020-03-31,334,261
91,Usseldortuses Morgiqueaussin Alaf,2020-04-01,258,225
92,Usseldortuses Morgiqueaussin Alaf,2020-04-02,285,258
93,Usseldortuses Morgiqueaussin Alaf,2020-04-03,318,315
94,Usseldortuses Morgiqueaussin Alaf,2020-04-04,242,211
95,Usseldortuses Morgiqueaussin Alaf,2020-04-05,268,216
96,Usseldortuses Morgiqueaussin Alaf,2020-04-06,273,196
97,Usseldortuses Morgiqueaussin Alaf,2020-04-07,303,280
98,Usseldortuses Morgiqueaussin Alaf,2020-04-08,325,302
99,Usseldortuses Morgiqueaussin Alaf,2020-04-09,300,283
100,Usseldortuses Morgiqueaussin Alaf,2020-04-10,277,250
101,Usseldortuses Morgiqueaussin Alaf,2020-04-11,233,228
102,Usseldortuses Morgiqueaussin Alaf,2020-04-12,267,177
103,Usseldortuses Morgiqueaussin Alaf,2020-04-13,338,280
104,Usseldortuses Morgiqueaussin Alaf,2020-04-14,299,282
105,Usseldortuses Morgiqueaussin Alaf,2020-04-15,246,217
106,Usseldortuses Morgiqueaussin Alaf,2020-04-16,316,234
107,Usseldortuses Morgiqueaussin Alaf,2020-04-17,340,274
108,Usseldortuses Morgiqueaussin Alaf,2020-04-18,333,326
109,Usseldortuses Morgiqueaussin Alaf,2020-04-19,327,259
110,Usseldortuses Morgiqueaussin Alaf,2020-04-20,295,260
111,Usseldortuses Morgiqueaussin Alaf,2020-04-21,305,260
112,Usseldortuses Morgiqueaussin Alaf,2020-04-22,247,174
113,Usseldortuses Morgiqueaussin Alaf,2020-04-23,319,262
114,Usseldortuses Morgiqueaussin Alaf,2020-04-24,349,241
115,Usseldortuses Morgiqueaussin Alaf,2020-04-25,256,213
116,Usseldortuses Morgiqueaussin Alaf,2020-04-26,265,174
117,Usseldortuses Morgiqueaussin Alaf,2020-04-27,298,205
118,Usseldortuses Morgiqueaussin Alaf,2020-04-28,230,173
119,Usseldortuses Morgiqueaussin Alaf,2020-04-29,316,294
120,Usseldortuses Morgiqueaussin Alaf,2020-04-30,327,309
121,Usseldortuses Morgiqueaussin Alaf,2020-05-01,314,302
122,Usseldortuses Morgiqueaussin Alaf,2020-05-02,338,240
123,Usseldortuses Morgiqueaussin Alaf,2020-05-03,330,263
124,Usseldortuses Morgiqueaussin Alaf,2020-05-04,338,247
125,Usseldortuses Morgiqueaussin Alaf,2020-05-05,288,238
126,Usseldortuses Morgiqueaussin Alaf,2020-05-06,302,232
127,Usseldortuses Morgiqueaussin Alaf,2020-05-07,341,334
128,Usseldortuses Morgiqueaussin Alaf,2020-05-08,323,309
129,Usseldortuses Morgiqueaussin Alaf,2020-05-09,305,296
130,Usseldortuses Morgiqueaussin Alaf,2020-05-10,267,195
131,Usseldortuses Morgiqueaussin Alaf,2020-05-11,268,240
132,Usseldortuses Morgiqueaussin Alaf,2020-05-12,236,179
133,Usseldortuses Morgiqueaussin Alaf,2020-05-13,252,215
134,Usseldortuses Morgiqueaussin Alaf,2020-05-14,272,180
135,Usseldortuses Morgiqueaussin Alaf,2020-05-15,225,210
136,Usseldortuses Morgiqueaussin Alaf,2020-05-16,287,263
137,Usseldortuses Morgiqueaussin Alaf,2020-05-17,312,257
138,Usseldortuses Morgiqueaussin Alaf,2020-05-18,348,294
139,Usseldortuses Morgiqueaussin Alaf,2020-05-19,231,158
140,Usseldortuses Morgiqueaussin Alaf,2020-05-20,228,224
141,Usseldortuses Morgiqueaussin Alaf,2020-05-21,316,284
142,Usseldortuses Morgiqueaussin Alaf,2020-05-22,269,224
143,Usseldortuses Morgiqueaussin Alaf,2020-05-23,341,339
144,Usseldortuses Morgiqueaussin Alaf,2020-05-24,340,303
145,Usseldortuses Morgiqueaussin Alaf,2020-05-25,345,323
146,Usseldortuses Morgiqueaussin Alaf,2020-05-26,274,252
147,Usseldortuses Morgiqueaussin Alaf,2020-05-27,260,254
148,Usseldortuses Morgiqueaussin Alaf,2020-05-28,245,241
149,Usseldortuses Morgiqueaussin Alaf,2020-05-29,296,241
150,Usseldortuses Morgiqueaussin Alaf,2020-05-30,256,254
151,Usseldortuses Morgiqueaussin Alaf,2020-05-31,321,293
152,Usseldortuses Morgiqueaussin Alaf,2020-06-01,239,232
153,Usseldortuses Morgiqueaussin Alaf,2020-06-02,254,184
154,Usseldortuses Morgiqueaussin Alaf,2020-06-03,232,181
155,Usseldortuses Morgiqueaussin Alaf,2020-06-04,269,207
156,Usseldortuses Morgiqueaussin Alaf,2020-06-05,232,173
157,Usseldortuses Morgiqueaussin Alaf,2020-06-06,303,222
158,Usseldortuses Morgiqueaussin Alaf,2020-06-07,225,191
159,Usseldortuses Morgiqueaussin Alaf,2020-06-08,254,243
160,Usseldortuses Morgiqueaussin Alaf,2020-06-09,334,271
161,Usseldortuses Morgiqueaussin Alaf,2020-06-10,280,202
162,Usseldortuses Morgiqueaussin Alaf,2020-06-11,310,214
163,Usseldortuses Morgiqueaussin Alaf,2020-06-12,297,260
164,Usseldortuses Morgiqueaussin Alaf,2020-06-13,278,245
165,Usseldortuses Morgiqueaussin Alaf,2020-06-14,349,334
166,Usseldortuses Morgiqueaussin Alaf,2020-06-15,235,227
167,Usseldortuses Morgiqueaussin Alaf,2020-06-16,245,183
168,Usseldortuses Morgiqueaussin Alaf,2020-06-17,266,229
169,Usseldortuses Morgiqueaussin Alaf,2020-06-18,304,213
170,Usseldortuses Morgiqueaussin Alaf,2020-06-19,309,236
171,Usseldortuses Morgiqueaussin Alaf,2020-06-20,259,185
172,Usseldortuses Morgiqueaussin Alaf,2020-06-21,315,231
173,Usseldortuses Morgiqueaussin Alaf,2020-06-22,242,240
174,Usseldortuses Morgiqueaussin Alaf,2020-06-23,320,235
175,Usseldortuses Morgiqueaussin Alaf,2020-06-24,310,268
176,Usseldortuses Morgiqueaussin Alaf,2020-06-25,329,263
177,Usseldortuses Morgiqueaussin Alaf,2020-06-26,238,192
178,Usseldortuses Morgiqueaussin Alaf,2020-06-27,286,279
179,Usseldortuses Morgiqueaussin Alaf,2020-06-28,340,298
180,Usseldortuses Morgiqueaussin Alaf,2020-06-29,242,218
181,Usseldortuses Morgiqueaussin Alaf,2020-06-30,249,168
182,Usseldortuses Morgiqueaussin Alaf,2020-07-01,253,196
183,Usseldortuses Morgiqueaussin Alaf,2020-07-02,296,257
184,Usseldortuses Morgiqueaussin Alaf,2020-07-03,244,239
185,Usseldortuses Morgiqueaussin Alaf,2020-07-04,299,286
186,Usseldortuses Morgiqueaussin Alaf,2020-07-05,252,245
187,Usseldortuses Morgiqueaussin Alaf,2020-07-06,236,156
188,Usseldortuses Morgiqueaussin Alaf,2020-07-07,229,215
189,Usseldortuses Morgiqueaussin Alaf,2020-07-08,317,252
190,Usseldortuses Morgiqueaussin Alaf,2020-07-09,233,191
191,Usseldortuses Morgiqueaussin Alaf,2020-07-10,275,265
192,Usseldortuses Morgiqueaussin Alaf,2020-07-11,233,205
193,Usseldortuses Morgiqueaussin Alaf,2020-07-12,240,168
194,Usseldortuses Morgiqueaussin Alaf,2020-07-13,228,185
195,Usseldortuses Morgiqueaussin Alaf,2020-07-14,346,337
196,Usseldortuses Morgiqueaussin Alaf,2020-07-15,307,205
197,Usseldortuses Morgiqueaussin Alaf,2020-07-16,255,244
198,Usseldortuses Morgiqueaussin Alaf,2020-07-17,270,244
199,Usseldortuses Morgiqueaussin Alaf,2020-07-18,322,234
200,Usseldortuses Morgiqueaussin Alaf,2020-07-19,337,235
201,Usseldortuses Morgiqueaussin Alaf,2020-07-20,332,324
202,Usseldortuses Morgiqueaussin Alaf,2020-07-21,238,229
203,Usseldortuses Morgiqueaussin Alaf,2020-07-22,312,282
204,Usseldortuses Morgiqueaussin Alaf,2020-07-23,248,165
205,Usseldortuses Morgiqueaussin Alaf,2020-07-24,288,241
206,Usseldortuses Morgiqueaussin Alaf,2020-07-25,315,271
207,Usseldortuses Morgiqueaussin Alaf,2020-07-26,324,308
208,Usseldortuses Morgiqueaussin Alaf,2020-07-27,237,172
209,Usseldortuses Morgiqueaussin Alaf,2020-07-28,294,213
210,Usseldortuses Morgiqueaussin Alaf,2020-07-29,322,219
211,Usseldortuses Morgiqueaussin Alaf,2020-07-30,228,153
212,Usseldortuses Morgiqueaussin Alaf,2020-07-31,306,288
213,Usseldortuses Morgiqueaussin Alaf,2020-08-01,246,202
214,Usseldortuses Morgiqueaussin Alaf,2020-08-02,232,202
215,Usseldortuses Morgiqueaussin Alaf,2020-08-03,303,294
216,Usseldortuses Morgiqueaussin Alaf,2020-08-04,247,193
217,Usseldortuses Morgiqueaussin Alaf,2020-08-05,294,218
218,Usseldortuses Morgiqueaussin Alaf,2020-08-06,308,278
219,Usseldortuses Morgiqueaussin Alaf,2020-08-07,244,204
220,Usseldortuses Morgiqueaussin Alaf,2020-08-08,326,302
221,Usseldortuses Morgiqueaussin Alaf,2020-08-09,311,217
222,Usseldortuses Morgiqueaussin Alaf,2020-08-10,344,254
223,Usseldortuses Morgiqueaussin Alaf,2020-08-11,280,222
224,Usseldortuses Morgiqueaussin Alaf,2020-08-12,263,250
225,Usseldortuses Morgiqueaussin Alaf,2020-08-13,299,262
226,Usseldortuses Morgiqueaussin Alaf,2020-08-14,274,243
227,Usseldortuses Morgiqueaussin Alaf,2020-08-15,313,230
228,Usseldortuses Morgiqueaussin Alaf,2020-08-16,266,229
229,Usseldortuses Morgiqueaussin Alaf,2020-08-17,314,312
230,Usseldortuses Morgiqueaussin Alaf,2020-08-18,250,171
231,Usseldortuses Morgiqueaussin Alaf,2020-08-19,272,267
232,Usseldortuses Morgiqueaussin Alaf,2020-08-20,282,238
233,Usseldortuses Morgiqueaussin Alaf,2020-08-21,307,200
234,Usseldortuses Morgiqueaussin Alaf,2020-08-22,309,207
235,Usseldortuses Morgiqueaussin Alaf,2020-08-23,296,223
236,Usseldortuses Morgiqueaussin Alaf,2020-08-24,326,246
237,Usseldortuses Morgiqueaussin Alaf,2020-08-25,236,181
238,Usseldortuses Morgiqueaussin Alaf,2020-08-26,348,274
239,Usseldortuses Morgiqueaussin Alaf,2020-08-27,324,216
240,Usseldortuses Morgiqueaussin Alaf,2020-08-28,289,219
241,Usseldortuses Morgiqueaussin Alaf,2020-08-29,327,244
242,Usseldortuses Morgiqueaussin Alaf,2020-08-30,304,242
243,Usseldortuses Morgiqueaussin Alaf,2020-08-31,259,190
244,Usseldortuses Morgiqueaussin Alaf,2020-09-01,334,269
245,Usseldortuses Morgiqueaussin Alaf,2020-09-02,346,290
246,Usseldortuses Morgiqueaussin Alaf,2020-09-03,269,190
247,Usseldortuses Morgiqueaussin Alaf,2020-09-04,263,206
248,Usseldortuses Morgiqueaussin Alaf,2020-09-05,276,255
249,Usseldortuses Morgiqueaussin Alaf,2020-09-06,251,185
250,Usseldortuses Morgiqueaussin Alaf,2020-09-07,244,204
251,Usseldortuses Morgiqueaussin Alaf,2020-09-08,296,204
252,Usseldortuses Morgiqueaussin Alaf,2020-09-09,231,192
253,Usseldortuses Morgiqueaussin Alaf,2020-09-10,279,265
254,Usseldortuses Morgiqueaussin Alaf,2020-09-11,244,218
255,Usseldortuses Morgiqueaussin Alaf,2020-09-12,240,192
256,Usseldortuses Morgiqueaussin Alaf,2020-09-13,282,280
257,Usseldortuses Morgiqueaussin Alaf,2020-09-14,259,169
258,Usseldortuses Morgiqueaussin Alaf,2020-09-15,344,296
259,Usseldortuses Morgiqueaussin Alaf,2020-09-16,298,228
260,Usseldortuses Morgiqueaussin Alaf,2020-09-17,266,196
261,Usseldortuses Morgiqueaussin Alaf,2020-09-18,267,223
262,Usseldortuses Morgiqueaussin Alaf,2020-09-19,330,291
263,Usseldortuses Morgiqueaussin Alaf,2020-09-20,313,236
264,Usseldortuses Morgiqueaussin Alaf,2020-09-21,258,193
265,Usseldortuses Morgiqueaussin Alaf,2020-09-22,237,189
266,Usseldortuses Morgiqueaussin Alaf,2020-09-23,316,294
267,Usseldortuses Morgiqueaussin Alaf,2020-09-24,275,202
268,Usseldortuses Morgiqueaussin Alaf,2020-09-25,283,245
269,Usseldortuses Morgiqueaussin Alaf,2020-09-26,316,225
270,Usseldortuses Morgiqueaussin Alaf,2020-09-27,284,211
271,Usseldortuses Morgiqueaussin Alaf,2020-09-28,324,274
272,Usseldortuses Morgiqueaussin Alaf,2020-09-29,254,168
273,Usseldortuses Morgiqueaussin Alaf,2020-09-30,257,227
274,Usseldortuses Morgiqueaussin Alaf,2020-10-01,300,251
275,Usseldortuses Morgiqueaussin Alaf,2020-10-02,261,230
276,Usseldortuses Morgiqueaussin Alaf,2020-10-03,229,182
277,Usseldortuses Morgiqueaussin Alaf,2020-10-04,346,287
278,Usseldortuses Morgiqueaussin Alaf,2020-10-05,313,223
279,Usseldortuses Morgiqueaussin Alaf,2020-10-06,330,315
280,Usseldortuses Morgiqueaussin Alaf,2020-10-07,317,260
281,Usseldortuses Morgiqueaussin Alaf,2020-10-08,302,281
282,Usseldortuses Morgiqueaussin Alaf,2020-10-09,314,270
283,Usseldortuses Morgiqueaussin Alaf,2020-10-10,288,273
284,Usseldortuses Morgiqueaussin Alaf,2020-10-11,326,231
285,Usseldortuses Morgiqueaussin Alaf,2020-10-12,226,155
286,Usseldortuses Morgiqueaussin Alaf,2020-10-13,290,232
287,Usseldortuses Morgiqueaussin Alaf,2020-10-14,300,278
288,Usseldortuses Morgiqueaussin Alaf,2020-10-15,340,244
289,Usseldortuses Morgiqueaussin Alaf,2020-10-16,342,303
290,Usseldortuses Morgiqueaussin Alaf,2020-10-17,292,223
291,Usseldortuses Morgiqueaussin Alaf,2020-10-18,325,325
292,Usseldortuses Morgiqueaussin Alaf,2020-10-19,314,267
293,Usseldortuses Morgiqueaussin Alaf,2020-10-20,228,189
294,Usseldortuses Morgiqueaussin Alaf,2020-10-21,297,227
295,Usseldortuses Morgiqueaussin Alaf,2020-10-22,268,263
296,Usseldortuses Morgiqueaussin Alaf,2020-10-23,272,260
297,Usseldortuses Morgiqueaussin Alaf,2020-10-24,246,166
298,Usseldortuses Morgiqueaussin Alaf,2020-10-25,267,200
299,Usseldortuses Morgiqueaussin Alaf,2020-10-26,244,169
300,Usseldortuses Morgiqueaussin Alaf,2020-10-27,272,229
301,Usseldortuses Morgiqueaussin Alaf,2020-10-28,256,213
302,Usseldortuses Morgiqueaussin Alaf,2020-10-29,306,277
303,Usseldortuses Morgiqueaussin Alaf,2020-10-30,235,224
304,Usseldortuses Morgiqueaussin Alaf,2020-10-31,302,287
305,Usseldortuses Morgiqueaussin Alaf,2020-11-01,343,313
306,Usseldortuses Morgiqueaussin Alaf,2020-11-02,288,259
307,Usseldortuses Morgiqueaussin Alaf,2020-11-03,346,315
308,Usseldortuses Morgiqueaussin Alaf,2020-11-04,291,221
309,Usseldortuses Morgiqueaussin Alaf,2020-11-05,301,257
310,Usseldortuses Morgiqueaussin Alaf,2020-11-06,264,209
311,Usseldortuses Morgiqueaussin Alaf,2020-11-07,283,277
312,Usseldortuses Morgiqueaussin Alaf,2020-11-08,272,269
313,Usseldortuses Morgiqueaussin Alaf,2020-11-09,240,176
314,Usseldortuses Morgiqueaussin Alaf,2020-11-10,281,197
315,Usseldortuses Morgiqueaussin Alaf,2020-11-11,303,247
316,Usseldortuses Morgiqueaussin Alaf,2020-11-12,290,224
317,Usseldortuses Morgiqueaussin Alaf,2020-11-13,304,216
318,Usseldortuses Morgiqueaussin Alaf,2020-11-14,293,217
319,Usseldortuses Morgiqueaussin Alaf,2020-11-15,226,151
320,Usseldortuses Morgiqueaussin Alaf,2020-11-16,337,221
321,Usseldortuses Morgiqueaussin Alaf,2020-11-17,347,301
322,Usseldortuses Morgiqueaussin Alaf,2020-11-18,242,187
323,Usseldortuses Morgiqueaussin Alaf,2020-11-19,240,224
324,Usseldortuses Morgiqueaussin Alaf,2020-11-20,339,235
325,Usseldortuses Morgiqueaussin Alaf,2020-11-21,302,262
326,Usseldortuses Morgiqueaussin Alaf,2020-11-22,295,263
327,Usseldortuses Morgiqueaussin Alaf,2020-11-23,245,178
328,Usseldortuses Morgiqueaussin Alaf,2020-11-24,289,257
329,Usseldortuses Morgiqueaussin Alaf,2020-11-25,266,229
330,Usseldortuses Morgiqueaussin Alaf,2020-11-26,270,205
331,Usseldortuses Morgiqueaussin Alaf,2020-11-27,296,254
332,Usseldortuses Morgiqueaussin Alaf,2020-11-28,327,240
333,Usseldortuses Morgiqueaussin Alaf,2020-11-29,335,309
334,Usseldortuses Morgiqueaussin Alaf,2020-11-30,327,286
335,Usseldortuses Morgiqueaussin Alaf,2020-12-01,258,228
336,Usseldortuses Morgiqueaussin Alaf,2020-12-02,299,227
337,Usseldortuses Morgiqueaussin Alaf,2020-12-03,335,293
338,Usseldortuses Morgiqueaussin Alaf,2020-12-04,261,220
339,Usseldortuses Morgiqueaussin Alaf,2020-12-05,307,211
340,Usseldortuses Morgiqueaussin Alaf,2020-12-06,225,170
341,Usseldortuses Morgiqueaussin Alaf,2020-12-07,254,240
342,Usseldortuses Morgiqueaussin Alaf,2020-12-08,237,166
343,Usseldortuses Morgiqueaussin Alaf,2020-12-09,261,215
344,Usseldortuses Morgiqueaussin Alaf,2020-12-10,329,230
345,Usseldortuses Morgiqueaussin Alaf,2020-12-11,247,171
346,Usseldortuses Morgiqueaussin Alaf,2020-12-12,273,239
347,Usseldortuses Morgiqueaussin Alaf,2020-12-13,258,187
348,Usseldortuses Morgiqueaussin Alaf,2020-12-14,242,190
349,Usseldortuses Morgiqueaussin Alaf,2020-12-15,288,239
350,Usseldortuses Morgiqueaussin Alaf,2020-12-16,348,312
351,Usseldortuses Morgiqueaussin Alaf,2020-12-17,286,201
352,Usseldortuses Morgiqueaussin Alaf,2020-12-18,341,286
353,Usseldortuses Morgiqueaussin Alaf,2020-12-19,257,218
354,Usseldortuses Morgiqueaussin Alaf,2020-12-20,272,207
355,Usseldortuses Morgiqueaussin Alaf,2020-12-21,279,228
356,Usseldortuses Morgiqueaussin Alaf,2020-12-22,251,210
357,Usseldortuses Morgiqueaussin Alaf,2020-12-23,258,183
358,Usseldortuses Morgiqueaussin Alaf,2020-12-24,319,280
359,Usseldortuses Morgiqueaussin Alaf,2020-12-25,345,275
360,Usseldortuses Morgiqueaussin Alaf,2020-12-26,260,209
361,Usseldortuses Morgiqueaussin Alaf,2020-12-27,269,197
362,Usseldortuses Morgiqueaussin Alaf,2020-12-28,240,208
363,Usseldortuses Morgiqueaussin Alaf,2020-12-29,280,268
364,Usseldortuses Morgiqueaussin Alaf,2020-12-30,323,294
0,Maughan Oylousself Tung ala Youmakan Ghavinte,2020-01-01,15662,12776
1,Maughan Oylousself Tung ala Youmakan Ghavinte,2020-01-02,11646,9823
2,Maughan Oylousself Tung ala Youmakan Ghavinte,2020-01-03,15838,13318
3,Maughan Oylousself Tung ala Youmakan Ghavinte,2020-01-04,12123,8044
4,Maughan Oylousself Tung ala Youmakan Ghavinte,2020-01-05,13742,12516
5,Maughan Oylousself Tung ala Youmakan Ghavinte,2020-01-06,12205,10659
6,Maughan Oylousself Tung ala Youmakan Ghavinte,2020-01-07,14210,9683
7,Maughan Oylousself Tung ala Youmakan Ghavinte,2020-01-08,11900,9841
8,Maughan Oylousself Tung ala Youmakan Ghavinte,2020-01-09,13965,10369
9,Maughan Oylousself Tung ala Youmakan Ghavinte,2020-01-10,12246,11549
10,Maughan Oylousself Tung ala Youmakan Ghavinte,2020-01-11,11587,10999
11,Maughan Oylousself Tung ala Youmakan Ghavinte,2020-01-12,14653,11302
12,Maughan Oylousself Tung ala Youmakan Ghavinte,2020-01-13,12493,8437
13,Maughan Oylousself Tung ala Youmakan Ghavinte,2020-01-14,13585,9629
14,Maughan Oylousself Tung ala Youmakan Ghavinte,2020-01-15,13517,12712
15,Maughan Oylousself Tung ala Youmakan Ghavinte,2020-01-16,13223,12842
16,Maughan Oylousself Tung ala Youmakan Ghavinte,2020-01-17,11095,9985
17,Maughan Oylousself Tung ala Youmakan Ghavinte,2020-01-18,14247,13014
18,Maughan Oylousself Tung ala Youmakan Ghavinte,2020-01-19,14373,9590
19,Maughan Oylousself Tung ala Youmakan Ghavinte,2020-01-20,15055,10054
20,Maughan Oylousself Tung ala Youmakan Ghavinte,2020-01-21,15585,11109
21,Maughan Oylousself Tung ala Youmakan Ghavinte,2020-01-22,14443,14397
22,Maughan Oylousself Tung ala Youmakan Ghavinte,2020-01-23,15145,11714
23,Maughan Oylousself Tung ala Youmakan Ghavinte,2020-01-24,11621,7865
24,Maughan Oylousself Tung ala Youmakan Ghavinte,2020-01-25,10449,7718
25,Maughan Oylousself Tung ala Youmakan Ghavinte,2020-01-26,11546,8878
26,Maughan Oylousself Tung ala Youmakan Ghavinte,2020-01-27,14538,13538
27,Maughan Oylousself Tung ala Youmakan Ghavinte,2020-01-28,12448,11131
28,Maughan Oylousself Tung ala Youmakan Ghavinte,2020-01-29,11809,9846
29,Maughan Oylousself Tung ala Youmakan Ghavinte,2020-01-30,14872,10597
30,Maughan Oylousself Tung ala Youmakan Ghavinte,2020-01-31,11982,8471
31,Maughan Oylousself Tung ala Youmakan Ghavinte,2020-02-01,10125,9130
32,Maughan Oylousself Tung ala Youmakan Ghavinte,2020-02-02,10031,7748
33,Maughan Oylousself Tung ala Youmakan Ghavinte,2020-02-03,14594,9756
34,Maughan Oylousself Tung ala Youmakan Ghavinte,2020-02-04,12378,10826
35,Maughan Oylousself Tung ala Youmakan Ghavinte,2020-02-05,10216,6826
36,Maughan Oylousself Tung ala Youmakan Ghavinte,2020-02-06,13596,13091
37,Maughan Oylousself Tung ala Youmakan Ghavinte,2020-02-07,11622,7934
38,Maughan Oylousself Tung ala Youmakan Ghavinte,2020-02-08,12640,8428
39,Maughan Oylousself Tung ala Youmakan Ghavinte,2020-02-09,13355,12570
40,Maughan Oylousself Tung ala Youmakan Ghavinte,2020-02-10,10047,6919
41,Maughan Oylousself Tung ala Youmakan Ghavinte,2020-02-11,13857,12914
42,Maughan Oylousself Tung ala Youmakan Ghavinte,2020-02-12,11818,8148
43,Maughan Oylousself Tung ala Youmakan Ghavinte,2020-02-13,12983,9886
44,Maughan Oylousself Tung ala Youmakan Ghavinte,2020-02-14,13513,11636
45,Maughan Oylousself Tung ala Youmakan Ghavinte,2020-02-15,13429,10606
46,Maughan Oylousself Tung ala Youmakan Ghavinte,2020-02-16,13613,12212
47,Maughan Oylousself Tung ala Youmakan Ghavinte,2020-02-17,10093,6611
48,Maughan Oylousself Tung ala Youmakan Ghavinte,2020-02-18,12641,9224
49,Maughan Oylousself Tung ala Youmakan Ghavinte,2020-02-19,13583,10327
50,Maughan Oylousself Tung ala Youmakan Ghavinte,2020-02-20,13566,12001
51,Maughan Oylousself Tung ala Youmakan Ghavinte,2020-02-21,10169,7685
52,Maughan Oylousself Tung ala Youmakan Ghavinte,2020-02-22,14060,12556
53,Maughan Oylousself Tung ala Youmakan Ghavinte,2020-02-23,14548,12817
54,Maughan Oylousself Tung ala Youmakan Ghavinte,2020-02-24,13562,10103
55,Maughan Oylousself Tung ala Youmakan Ghavinte,2020-02-25,14406,13264
56,Maughan Oylousself Tung ala Youmakan Ghavinte,2020-02-26,12182,9447
57,Maughan Oylousself Tung ala Youmakan Ghavinte,2020-02-27,12000,9838
58,Maughan Oylousself Tung ala Youmakan Ghavinte,2020-02-28,14624,9993
59,Maughan Oylousself Tung ala Youmakan Ghavinte,2020-02-29,15490,13002
60,Maughan Oylousself Tung ala Youmakan Ghavinte,2020-03-01,11325,7668
61,Maughan Oylousself Tung ala Youmakan Ghavinte,2020-03-02,14417,10918
62,Maughan Oylousself Tung ala Youmakan Ghavinte,2020-03-03,15634,11338
63,Maughan Oylousself Tung ala Youmakan Ghavinte,2020-03-04,10370,7052
64,Maughan Oylousself Tung ala Youmakan Ghavinte,2020-03-05,11436,11003
65,Maughan Oylousself Tung ala Youmakan Ghavinte,2020-03-06,13423,11934
66,Maughan Oylousself Tung ala Youmakan Ghavinte,2020-03-07,10619,9955
67,Maughan Oylousself Tung ala Youmakan Ghavinte,2020-03-08,11696,11268
68,Maughan Oylousself Tung ala Youmakan Ghavinte,2020-03-09,15004,14187
69,Maughan Oylousself Tung ala Youmakan Ghavinte,2020-03-10,12428,10570
70,Maughan Oylousself Tung ala Youmakan Ghavinte,2020-03-11,13343,11778
71,Maughan Oylousself Tung ala Youmakan Ghavinte,2020-03-12,13500,11100
72,Maughan Oylousself Tung ala Youmakan Ghavinte,2020-03-13,14867,11332
73,Maughan Oylousself Tung ala Youmakan Ghavinte,2020-03-14,10457,8706
74,Maughan Oylousself Tung ala Youmakan Ghavinte,2020-03-15,13781,10184
75,Maughan Oylousself Tung ala Youmakan Ghavinte,2020-03-16,10850,7379
76,Maughan Oylousself Tung ala Youmakan Ghavinte,2020-03-17,10575,9355
77,Maughan Oylousself Tung ala Youmakan Ghavinte,2020-03-18,10722,8493
78,Maughan Oylousself Tung ala Youmakan Ghavinte,2020-03-19,12476,12063
79,Maughan Oylousself Tung ala Youmakan Ghavinte,2020-03-20,12592,8825
80,Maughan Oylousself Tung ala Youmakan Ghavinte,2020-03-21,13596,12448
81,Maughan Oylousself Tung ala Youmakan Ghavinte,2020-03-22,11545,11500
82,Maughan Oylousself Tung ala Youmakan Ghavinte,2020-03-23,12783,10056
83,Maughan Oylousself Tung ala Youmakan Ghavinte,2020-03-24,13318,9812
84,Maughan Oylousself Tung ala Youmakan Ghavinte,2020-03-25,14493,13085
85,Maughan Oylousself Tung ala Youmakan Ghavinte,2020-03-26,12165,11954
86,Maughan Oylousself Tung ala Youmakan Ghavinte,2020-03-27,12051,8703
87,Maughan Oylousself Tung ala Youmakan Ghavinte,2020-03-28,15880,13320
88,Maughan Oylousself Tung ala Youmakan Ghavinte,2020-03-29,15304,12186
89,Maughan Oylousself Tung ala Youmakan Ghavinte,2020-03-30,11847,9709
90,Maughan Oylousself Tung ala Youmakan Ghavinte,2020-03-31,13839,9513
91,Maughan Oylousself Tung ala Youmakan Ghavinte,2020-04-01,10030,9786
92,Maughan Oylousself Tung ala Youmakan Ghavinte,2020-04-02,11446,9149
93,Maughan Oylousself Tung ala Youmakan Ghavinte,2020-04-03,15486,10533
94,Maughan Oylousself Tung ala Youmakan Ghavinte,2020-04-04,11045,10529
95,Maughan Oylousself Tung ala Youmakan Ghavinte,2020-04-05,15346,10514
96,Maughan Oylousself Tung ala Youmakan Ghavinte,2020-04-06,13691,11559
97,Maughan Oylousself Tung ala Youmakan Ghavinte,2020-04-07,11183,9426
98,Maughan Oylousself Tung ala Youmakan Ghavinte,2020-04-08,11996,11447
99,Maughan Oylousself Tung ala Youmakan Ghavinte,2020-04-09,15271,14511
100,Maughan Oylousself Tung ala Youmakan Ghavinte,2020-04-10,13750,13060
101,Maughan Oylousself Tung ala Youmakan Ghavinte,2020-04-11,12190,9250
102,Maughan Oylousself Tung ala Youmakan Ghavinte,2020-04-12,14645,10648
103,Maughan Oylousself Tung ala Youmakan Ghavinte,2020-04-13,15651,13396
104,Maughan Oylousself Tung ala Youmakan Ghavinte,2020-04-14,14135,13523
105,Maughan Oylousself Tung ala Youmakan Ghavinte,2020-04-15,11848,10707
106,Maughan Oylousself Tung ala Youmakan Ghavinte,2020-04-16,14435,14201
107,Maughan Oylousself Tung ala Youmakan Ghavinte,2020-04-17,13023,8838
108,Maughan Oylousself Tung ala Youmakan Ghavinte,2020-04-18,15210,13840
109,Maughan Oylousself Tung ala Youmakan Ghavinte,2020-04-19,13581,9121
110,Maughan Oylousself Tung ala Youmakan Ghavinte,2020-04-20,11231,10112
111,Maughan Oylousself Tung ala Youmakan Ghavinte,2020-04-21,15393,12860
112,Maughan Oylousself Tung ala Youmakan Ghavinte,2020-04-22,15587,15163
113,Maughan Oylousself Tung ala Youmakan Ghavinte,2020-04-23,10253,8814
114,Maughan Oylousself Tung ala Youmakan Ghavinte,2020-04-24,11390,8138
115,Maughan Oylousself Tung ala Youmakan Ghavinte,2020-04-25,15422,11896
116,Maughan Oylousself Tung ala Youmakan Ghavinte,2020-04-26,10018,9757
117,Maughan Oylousself Tung ala Youmakan Ghavinte,2020-04-27,11412,10922
118,Maughan Oylousself Tung ala Youmakan Ghavinte,2020-04-28,10624,9573
119,Maughan Oylousself Tung ala Youmakan Ghavinte,2020-04-29,11859,11697
120,Maughan Oylousself Tung ala Youmakan Ghavinte,2020-04-30,13623,13298
121,Maughan Oylousself Tung ala Youmakan Ghavinte,2020-05-01,12500,11055
122,Maughan Oylousself Tung ala Youmakan Ghavinte,2020-05-02,10995,9639
123,Maughan Oylousself Tung ala Youmakan Ghavinte,2020-05-03,12587,10946
124,Maughan Oylousself Tung ala Youmakan Ghavinte,2020-05-04,14157,12353
125,Maughan Oylousself Tung ala Youmakan Ghavinte,2020-05-05,14441,14016
126,Maughan Oylousself Tung ala Youmakan Ghavinte,2020-05-06,11298,9228
127,Maughan Oylousself Tung ala Youmakan Ghavinte,2020-05-07,14886,14641
128,Maughan Oylousself Tung ala Youmakan Ghavinte,2020-05-08,15433,13460
129,Maughan Oylousself Tung ala Youmakan Ghavinte,2020-05-09,10103,6641
130,Maughan Oylousself Tung ala Youmakan Ghavinte,2020-05-10,13747,9601
131,Maughan Oylousself Tung ala Youmakan Ghavinte,2020-05-11,13708,10769
132,Maughan Oylousself Tung ala Youmakan Ghavinte,2020-05-12,14628,10692
133,Maughan Oylousself Tung ala Youmakan Ghavinte,2020-05-13,15107,13871
134,Maughan Oylousself Tung ala Youmakan Ghavinte,2020-05-14,15503,11959
135,Maughan Oylousself Tung ala Youmakan Ghavinte,2020-05-15,13904,12672
136,Maughan Oylousself Tung ala Youmakan Ghavinte,2020-05-16,13782,13105
137,Maughan Oylousself Tung ala Youmakan Ghavinte,2020-05-17,13310,11313
138,Maughan Oylousself Tung ala Youmakan Ghavinte,2020-05-18,11611,9404
139,Maughan Oylousself Tung ala Youmakan Ghavinte,2020-05-19,15972,14033
140,Maughan Oylousself Tung ala Youmakan Ghavinte,2020-05-20,11799,8255
141,Maughan Oylousself Tung ala Youmakan Ghavinte,2020-05-21,12174,8146
142,Maughan Oylousself Tung ala Youmakan Ghavinte,2020-05-22,11090,8915
143,Maughan Oylousself Tung ala Youmakan Ghavinte,2020-05-23,11946,11891
144,Maughan Oylousself Tung ala Youmakan Ghavinte,2020-05-24,12946,9548
145,Maughan Oylousself Tung ala Youmakan Ghavinte,2020-05-25,15681,14575
146,Maughan Oylousself Tung ala Youmakan Ghavinte,2020-05-26,12720,12105
147,Maughan Oylousself Tung ala Youmakan Ghavinte,2020-05-27,14087,9240
148,Maughan Oylousself Tung ala Youmakan Ghavinte,2020-05-28,11043,9695
149,Maughan Oylousself Tung ala Youmakan Ghavinte,2020-05-29,11007,10548
150,Maughan Oylousself Tung ala Youmakan Ghavinte,2020-05-30,10891,8929
151,Maughan Oylousself Tung ala Youmakan Ghavinte,2020-05-31,10505,7715
152,Maughan Oylousself Tung ala Youmakan Ghavinte,2020-06-01,13961,11702
153,Maughan Oylousself Tung ala Youmakan Ghavinte,2020-06-02,10095,9242
154,Maughan Oylousself Tung ala Youmakan Ghavinte,2020-06-03,11857,7956
155,Maughan Oylousself Tung ala Youmakan Ghavinte,2020-06-04,13117,9788
156,Maughan Oylousself Tung ala Youmakan Ghavinte,2020-06-05,14633,13057
157,Maughan Oylousself Tung ala Youmakan Ghavinte,2020-06-06,11051,8938
158,Maughan Oylousself Tung ala Youmakan Ghavinte,2020-06-07,13909,10169
159,Maughan Oylousself Tung ala Youmakan Ghavinte,2020-06-08,12034,9752
160,Maughan Oylousself Tung ala Youmakan Ghavinte,2020-06-09,13637,11806
161,Maughan Oylousself Tung ala Youmakan Ghavinte,2020-06-10,10668,7058
162,Maughan Oylousself Tung ala Youmakan Ghavinte,2020-06-11,14609,11253
163,Maughan Oylousself Tung ala Youmakan Ghavinte,2020-06-12,15871,12268
164,Maughan Oylousself Tung ala Youmakan Ghavinte,2020-06-13,12116,9851
165,Maughan Oylousself Tung ala Youmakan Ghavinte,2020-06-14,14619,14046
166,Maughan Oylousself Tung ala Youmakan Ghavinte,2020-06-15,10687,8924
167,Maughan Oylousself Tung ala Youmakan Ghavinte,2020-06-16,14128,14081
168,Maughan Oylousself Tung ala Youmakan Ghavinte,2020-06-17,13555,10395
169,Maughan Oylousself Tung ala Youmakan Ghavinte,2020-06-18,11491,8788
170,Maughan Oylousself Tung ala Youmakan Ghavinte,2020-06-19,14944,13642
171,Maughan Oylousself Tung ala Youmakan Ghavinte,2020-06-20,14061,12414
172,Maughan Oylousself Tung ala Youmakan Ghavinte,2020-06-21,10684,7541
173,Maughan Oylousself Tung ala Youmakan Ghavinte,2020-06-22,14526,9799
174,Maughan Oylousself Tung ala Youmakan Ghavinte,2020-06-23,12411,10945
175,Maughan Oylousself Tung ala Youmakan Ghavinte,2020-06-24,14902,10157
176,Maughan Oylousself Tung ala Youmakan Ghavinte,2020-06-25,12255,9660
177,Maughan Oylousself Tung ala Youmakan Ghavinte,2020-06-26,10225,8512
178,Maughan Oylousself Tung ala Youmakan Ghavinte,2020-06-27,15878,14310
179,Maughan Oylousself Tung ala Youmakan Ghavinte,2020-06-28,10729,9905
180,Maughan Oylousself Tung ala Youmakan Ghavinte,2020-06-29,12572,9589
181,Maughan Oylousself Tung ala Youmakan Ghavinte,2020-06-30,12854,9222
182,Maughan Oylousself Tung ala Youmakan Ghavinte,2020-07-01,11691,9004
183,Maughan Oylousself Tung ala Youmakan Ghavinte,2020-07-02,15966,11393
184,Maughan Oylousself Tung ala Youmakan Ghavinte,2020-07-03,11529,10240
185,Maughan Oylousself Tung ala Youmakan Ghavinte,2020-07-04,13560,10008
186,Maughan Oylousself Tung ala Youmakan Ghavinte,2020-07-05,13052,11481
187,Maughan Oylousself Tung ala Youmakan Ghavinte,2020-07-06,11307,10106
188,Maughan Oylousself Tung ala Youmakan Ghavinte,2020-07-07,13552,9439
189,Maughan Oylousself Tung ala Youmakan Ghavinte,2020-07-08,11371,8024
190,Maughan Oylousself Tung ala Youmakan Ghavinte,2020-07-09,13798,12801
191,Maughan Oylousself Tung ala Youmakan Ghavinte,2020-07-10,14106,11044
192,Maughan Oylousself Tung ala Youmakan Ghavinte,2020-07-11,12638,11247
193,Maughan Oylousself Tung ala Youmakan Ghavinte,2020-07-12,10268,9387
194,Maughan Oylousself Tung ala Youmakan Ghavinte,2020-07-13,12702,10585
195,Maughan Oylousself Tung ala Youmakan Ghavinte,2020-07-14,12267,8697
196,Maughan Oylousself Tung ala Youmakan Ghavinte,2020-07-15,14120,12494
197,Maughan Oylousself Tung ala Youmakan Ghavinte,2020-07-16,15059,14494
198,Maughan Oylousself Tung ala Youmakan Ghavinte,2020-07-17,13320,8683
199,Maughan Oylousself Tung ala Youmakan Ghavinte,2020-07-18,14487,12924
200,Maughan Oylousself Tung ala Youmakan Ghavinte,2020-07-19,12777,12591
201,Maughan Oylousself Tung ala Youmakan Ghavinte,2020-07-20,14441,13298
202,Maughan Oylousself Tung ala Youmakan Ghavinte,2020-07-21,12465,9395
203,Maughan Oylousself Tung ala Youmakan Ghavinte,2020-07-22,12053,12002
204,Maughan Oylousself Tung ala Youmakan Ghavinte,2020-07-23,12735,11469
205,Maughan Oylousself Tung ala Youmakan Ghavinte,2020-07-24,10427,9857
206,Maughan Oylousself Tung ala Youmakan Ghavinte,2020-07-25,13924,10577
207,Maughan Oylousself Tung ala Youmakan Ghavinte,2020-07-26,12410,11556
208,Maughan Oylousself Tung ala Youmakan Ghavinte,2020-07-27,11159,8996
209,Maughan Oylousself Tung ala Youmakan Ghavinte,2020-07-28,11422,10771
210,Maughan Oylousself Tung ala Youmakan Ghavinte,2020-07-29,13673,12568
211,Maughan Oylousself Tung ala Youmakan Ghavinte,2020-07-30,12880,12762
212,Maughan Oylousself Tung ala Youmakan Ghavinte,2020-07-31,11352,11352
213,Maughan Oylousself Tung ala Youmakan Ghavinte,2020-08-01,11742,8205
214,Maughan Oylousself Tung ala Youmakan Ghavinte,2020-08-02,12976,11677
215,Maughan Oylousself Tung ala Youmakan Ghavinte,2020-08-03,13004,11423
216,Maughan Oylousself Tung ala Youmakan Ghavinte,2020-08-04,15691,12733
217,Maughan Oylousself Tung ala Youmakan Ghavinte,2020-08-05,15799,14724
218,Maughan Oylousself Tung ala Youmakan Ghavinte,2020-08-06,13206,10538
219,Maughan Oylousself Tung ala Youmakan Ghavinte,2020-08-07,14453,11201
220,Maughan Oylousself Tung ala Youmakan Ghavinte,2020-08-08,13524,9844
221,Maughan Oylousself Tung ala Youmakan Ghavinte,2020-08-09,12364,10234
222,Maughan Oylousself Tung ala Youmakan Ghavinte,2020-08-10,14964,14785
223,Maughan Oylousself Tung ala Youmakan Ghavinte,2020-08-11,15477,12523
224,Maughan Oylousself Tung ala Youmakan Ghavinte,2020-08-12,12732,8748
225,Maughan Oylousself Tung ala Youmakan Ghavinte,2020-08-13,12332,10969
226,Maughan Oylousself Tung ala Youmakan Ghavinte,2020-08-14,12414,8447
227,Maughan Oylousself Tung ala Youmakan Ghavinte,2020-08-15,11570,9748
228,Maughan Oylousself Tung ala Youmakan Ghavinte,2020-08-16,15310,13627
229,Maughan Oylousself Tung ala Youmakan Ghavinte,2020-08-17,10998,8500
230,Maughan Oylousself Tung ala Youmakan Ghavinte,2020-08-18,13145,12581
231,Maughan Oylousself Tung ala Youmakan Ghavinte,2020-08-19,11744,10820
232,Maughan Oylousself Tung ala Youmakan Ghavinte,2020-08-20,15418,14528
233,Maughan Oylousself Tung ala Youmakan Ghavinte,2020-08-21,15906,14790
234,Maughan Oylousself Tung ala Youmakan Ghavinte,2020-08-22,12331,11902
235,Maughan Oylousself Tung ala Youmakan Ghavinte,2020-08-23,14439,10690
236,Maughan Oylousself Tung ala Youmakan Ghavinte,2020-08-24,13790,12987
237,Maughan Oylousself Tung ala Youmakan Ghavinte,2020-08-25,10579,9757
238,Maughan Oylousself Tung ala Youmakan Ghavinte,2020-08-26,13135,12855
239,Maughan Oylousself Tung ala Youmakan Ghavinte,2020-08-27,10319,7116
240,Maughan Oylousself Tung ala Youmakan Ghavinte,2020-08-28,15413,11582
241,Maughan Oylousself Tung ala Youmakan Ghavinte,2020-08-29,14820,14515
242,Maughan Oylousself Tung ala Youmakan Ghavinte,2020-08-30,14106,9914
243,Maughan Oylousself Tung ala Youmakan Ghavinte,2020-08-31,13245,12865
244,Maughan Oylousself Tung ala Youmakan Ghavinte,2020-09-01,11972,9081
245,Maughan Oylousself Tung ala Youmakan Ghavinte,2020-09-02,12271,8654
246,Maughan Oylousself Tung ala Youmakan Ghavinte,2020-09-03,12646,8748
247,Maughan Oylousself Tung ala Youmakan Ghavinte,2020-09-04,11741,10530
248,Maughan Oylousself Tung ala Youmakan Ghavinte,2020-09-05,13748,11531
249,Maughan Oylousself Tung ala Youmakan Ghavinte,2020-09-06,10501,6996
250,Maughan Oylousself Tung ala Youmakan Ghavinte,2020-09-07,14906,11087
251,Maughan Oylousself Tung ala Youmakan Ghavinte,2020-09-08,15354,14538
252,Maughan Oylousself Tung ala Youmakan Ghavinte,2020-09-09,14311,10933
253,Maughan Oylousself Tung ala Youmakan Ghavinte,2020-09-10,10397,9705
254,Maughan Oylousself Tung ala Youmakan Ghavinte,2020-09-11,14024,12929
255,Maughan Oylousself Tung ala Youmakan Ghavinte,2020-09-12,14699,11498
256,Maughan Oylousself Tung ala Youmakan Ghavinte,2020-09-13,12150,10162
257,Maughan Oylousself Tung ala Youmakan Ghavinte,2020-09-14,15350,10948
258,Maughan Oylousself Tung ala Youmakan Ghavinte,2020-09-15,11403,7724
259,Maughan Oylousself Tung ala Youmakan Ghavinte,2020-09-16,11667,10105
260,Maughan Oylousself Tung ala Youmakan Ghavinte,2020-09-17,11325,9302
261,Maughan Oylousself Tung ala Youmakan Ghavinte,2020-09-18,14920,14503
262,Maughan Oylousself Tung ala Youmakan Ghavinte,2020-09-19,10685,8632
263,Maughan Oylousself Tung ala Youmakan Ghavinte,2020-09-20,13485,11969
264,Maughan Oylousself Tung ala Youmakan Ghavinte,2020-09-21,13477,9156
265,Maughan Oylousself Tung ala Youmakan Ghavinte,2020-09-22,10037,7496
266,Maughan Oylousself Tung ala Youmakan Ghavinte,2020-09-23,12400,8809
267,Maughan Oylousself Tung ala Youmakan Ghavinte,2020-09-24,13270,13155
268,Maughan Oylousself Tung ala Youmakan Ghavinte,2020-09-25,10533,8478
269,Maughan Oylousself Tung ala Youmakan Ghavinte,2020-09-26,13653,12469
270,Maughan Oylousself Tung ala Youmakan Ghavinte,2020-09-27,11582,8825
271,Maughan Oylousself Tung ala Youmakan Ghavinte,2020-09-28,14422,12207
272,Maughan Oylousself Tung ala Youmakan Ghavinte,2020-09-29,11165,10888
273,Maughan Oylousself Tung ala Youmakan Ghavinte,2020-09-30,13911,12717
274,Maughan Oylousself Tung ala Youmakan Ghavinte,2020-10-01,11164,8849
275,Maughan Oylousself Tung ala Youmakan Ghavinte,2020-10-02,15248,10019
276,Maughan Oylousself Tung ala Youmakan Ghavinte,2020-10-03,14954,12132
277,Maughan Oylousself Tung ala Youmakan Ghavinte,2020-10-04,12377,8734
278,Maughan Oylousself Tung ala Youmakan Ghavinte,2020-10-05,13982,13819
279,Maughan Oylousself Tung ala Youmakan Ghavinte,2020-10-06,11311,9055
280,Maughan Oylousself Tung ala Youmakan Ghavinte,2020-10-07,14260,10128
281,Maughan Oylousself Tung ala Youmakan Ghavinte,2020-10-08,11916,9706
282,Maughan Oylousself Tung ala Youmakan Ghavinte,2020-10-09,10411,10332
283,Maughan Oylousself Tung ala Youmakan Ghavinte,2020-10-10,12627,11899
284,Maughan Oylousself Tung ala Youmakan Ghavinte,2020-10-11,14683,10260
285,Maughan Oylousself Tung ala Youmakan Ghavinte,2020-10-12,10549,9419
286,Maughan Oylousself Tung ala Youmakan Ghavinte,2020-10-13,10468,8611
287,Maughan Oylousself Tung ala Youmakan Ghavinte,2020-10-14,14476,13126
288,Maughan Oylousself Tung ala Youmakan Ghavinte,2020-10-15,11064,9083
289,Maughan Oylousself Tung ala Youmakan Ghavinte,2020-10-16,14962,10719
290,Maughan Oylousself Tung ala Youmakan Ghavinte,2020-10-17,10596,9519
291,Maughan Oylousself Tung ala Youmakan Ghavinte,2020-10-18,11353,8881
292,Maughan Oylousself Tung ala Youmakan Ghavinte,2020-10-19,15102,11689
293,Maughan Oylousself Tung ala Youmakan Ghavinte,2020-10-20,12947,8569
294,Maughan Oylousself Tung ala Youmakan Ghavinte,2020-10-21,11216,9947
295,Maughan Oylousself Tung ala Youmakan Ghavinte,2020-10-22,10526,9426
296,Maughan Oylousself Tung ala Youmakan Ghavinte,2020-10-23,13116,11545
297,Maughan Oylousself Tung ala Youmakan Ghavinte,2020-10-24,12445,10750
298,Maughan Oylousself Tung ala Youmakan Ghavinte,2020-10-25,12017,10255
299,Maughan Oylousself Tung ala Youmakan Ghavinte,2020-10-26,13481,10344
300,Maughan Oylousself Tung ala Youmakan Ghavinte,2020-10-27,14906,11611
301,Maughan Oylousself Tung ala Youmakan Ghavinte,2020-10-28,11605,9189
302,Maughan Oylousself Tung ala Youmakan Ghavinte,2020-10-29,10740,9094
303,Maughan Oylousself Tung ala Youmakan Ghavinte,2020-10-30,12503,8418
304,Maughan Oylousself Tung ala Youmakan Ghavinte,2020-10-31,13694,9595
305,Maughan Oylousself Tung ala Youmakan Ghavinte,2020-11-01,14153,10679
306,Maughan Oylousself Tung ala Youmakan Ghavinte,2020-11-02,13120,11856
307,Maughan Oylousself Tung ala Youmakan Ghavinte,2020-11-03,10644,8134
308,Maughan Oylousself Tung ala Youmakan Ghavinte,2020-11-04,11111,10339
309,Maughan Oylousself Tung ala Youmakan Ghavinte,2020-11-05,11448,10468
310,Maughan Oylousself Tung ala Youmakan Ghavinte,2020-11-06,13719,9698
311,Maughan Oylousself Tung ala Youmakan Ghavinte,2020-11-07,13797,12865
312,Maughan Oylousself Tung ala Youmakan Ghavinte,2020-11-08,15830,11359
313,Maughan Oylousself Tung ala Youmakan Ghavinte,2020-11-09,12331,8163
314,Maughan Oylousself Tung ala Youmakan Ghavinte,2020-11-10,10680,10044
315,Maughan Oylousself Tung ala Youmakan Ghavinte,2020-11-11,10445,7656
316,Maughan Oylousself Tung ala Youmakan Ghavinte,2020-11-12,13117,12768
317,Maughan Oylousself Tung ala Youmakan Ghavinte,2020-11-13,12106,10651
318,Maughan Oylousself Tung ala Youmakan Ghavinte,2020-11-14,12578,8810
319,Maughan Oylousself Tung ala Youmakan Ghavinte,2020-11-15,11420,8156
320,Maughan Oylousself Tung ala Youmakan Ghavinte,2020-11-16,13740,11294
321,Maughan Oylousself Tung ala Youmakan Ghavinte,2020-11-17,13994,12276
322,Maughan Oylousself Tung ala Youmakan Ghavinte,2020-11-18,12524,8768
323,Maughan Oylousself Tung ala Youmakan Ghavinte,2020-11-19,10467,8492
324,Maughan Oylousself Tung ala Youmakan Ghavinte,2020-11-20,14002,12721
325,Maughan Oylousself Tung ala Youmakan Ghavinte,2020-11-21,12620,10392
326,Maughan Oylousself Tung ala Youmakan Ghavinte,2020-11-22,11867,10251
327,Maughan Oylousself Tung ala Youmakan Ghavinte,2020-11-23,11150,8137
328,Maughan Oylousself Tung ala Youmakan Ghavinte,2020-11-24,15233,11059
329,Maughan Oylousself Tung ala Youmakan Ghavinte,2020-11-25,15752,11714
330,Maughan Oylousself Tung ala Youmakan Ghavinte,2020-11-26,11060,7873
331,Maughan Oylousself Tung ala Youmakan Ghavinte,2020-11-27,15810,11080
332,Maughan Oylousself Tung ala Youmakan Ghavinte,2020-11-28,13065,10087
333,Maughan Oylousself Tung ala Youmakan Ghavinte,2020-11-29,12870,9557
334,Maughan Oylousself Tung ala Youmakan Ghavinte,2020-11-30,15087,10385
335,Maughan Oylousself Tung ala Youmakan Ghavinte,2020-12-01,11430,7488
336,Maughan Oylousself Tung ala Youmakan Ghavinte,2020-12-02,11680,8665
337,Maughan Oylousself Tung ala Youmakan Ghavinte,2020-12-03,10768,8586
338,Maughan Oylousself Tung ala Youmakan Ghavinte,2020-12-04,12006,10833
339,Maughan Oylousself Tung ala Youmakan Ghavinte,2020-12-05,13799,11389
340,Maughan Oylousself Tung ala Youmakan Ghavinte,2020-12-06,12072,12066
341,Maughan Oylousself Tung ala Youmakan Ghavinte,2020-12-07,11289,10947
342,Maughan Oylousself Tung ala Youmakan Ghavinte,2020-12-08,14298,11293
343,Maughan Oylousself Tung ala Youmakan Ghavinte,2020-12-09,15293,14451
344,Maughan Oylousself Tung ala Youmakan Ghavinte,2020-12-10,15420,10388
345,Maughan Oylousself Tung ala Youmakan Ghavinte,2020-12-11,15118,10580
346,Maughan Oylousself Tung ala Youmakan Ghavinte,2020-12-12,11884,10116
347,Maughan Oylousself Tung ala Youmakan Ghavinte,2020-12-13,12880,12600
348,Maughan Oylousself Tung ala Youmakan Ghavinte,2020-12-14,15019,11282
349,Maughan Oylousself Tung ala Youmakan Ghavinte,2020-12-15,11063,9006
350,Maughan Oylousself Tung ala Youmakan Ghavinte,2020-12-16,15265,11749
351,Maughan Oylousself Tung ala Youmakan Ghavinte,2020-12-17,13574,12695
352,Maughan Oylousself Tung ala Youmakan Ghavinte,2020-12-18,12672,10253
353,Maughan Oylousself Tung ala Youmakan Ghavinte,2020-12-19,13381,11442
354,Maughan Oylousself Tung ala Youmakan Ghavinte,2020-12-20,14484,11776
355,Maughan Oylousself Tung ala Youmakan Ghavinte,2020-12-21,14975,12875
356,Maughan Oylousself Tung ala Youmakan Ghavinte,2020-12-22,13356,12835
357,Maughan Oylousself Tung ala Youmakan Ghavinte,2020-12-23,13822,12245
358,Maughan Oylousself Tung ala Youmakan Ghavinte,2020-12-24,15071,14643
359,Maughan Oylousself Tung ala Youmakan Ghavinte,2020-12-25,10152,7663
360,Maughan Oylousself Tung ala Youmakan Ghavinte,2020-12-26,10602,8421
361,Maughan Oylousself Tung ala Youmakan Ghavinte,2020-12-27,12837,11914
362,Maughan Oylousself Tung ala Youmakan Ghavinte,2020-12-28,14757,9896
363,Maughan Oylousself Tung ala Youmakan Ghavinte,2020-12-29,10004,7809
364,Maughan Oylousself Tung ala Youmakan Ghavinte,2020-12-30,11690,9049
